numero;categoria;tema;question;answer1;answer2;answer3;answer4;solution;feedback
1;Conocimientos Generales;Carta de las Naciones Unidas;De los siguientes, ¿cuál NO es uno de los Consejos que se establecen como órganos principales de las Naciones Unidas?;El Consejo de Administración Fiduciaria;El Consejo Económico y Social;El Consejo Internacional de Justicia;El Consejo de Seguridad;3;La respuesta correcta es la c, ya que el órgano judicial principal de la ONU se denomina oficialmente Corte Internacional de Justicia. Las opciones a, b y d se descartan como respuesta a la pregunta 'cuál NO es', puesto que el Consejo de Administración Fiduciaria, el Consejo Económico y Social y el Consejo de Seguridad son efectivamente los tres consejos definidos como órganos principales en la Carta.
2;Conocimientos Generales;Declaración Universal de Derechos Humanos;Señale la proposición INCORRECTA.;Toda persona tiene derecho a un recurso efectivo ante los tribunales nacionales competentes;Toda persona tiene derecho a los seguros en caso de desempleo u otros casos de pérdida de sus medios de subsistencia por cualquier circunstancia;Toda persona tiene el derecho de acceso, en condiciones de igualdad, a las funciones públicas de su país;Toda persona tiene deberes respecto a la comunidad;2;La respuesta correcta es la b, puesto que la proposición es incorrecta al afirmar que el derecho a seguros cubre la pérdida de medios de subsistencia por 'cualquier circunstancia'. El Artículo 25 de la Declaración Universal especifica que este derecho se activa en casos de pérdida por circunstancias independientes de la voluntad del individuo. Las opciones a, c y d son afirmaciones correctas según el texto de la Declaración.
3;Conocimientos Generales;Convenio protección derechos humanos - TEDH;Motivación de las sentencias y de las resoluciones. Señale la opción CORRECTA.;Las sentencias, así como las resoluciones por las que las demandas se declaren admisibles o no admisibles, serán motivadas;Las resoluciones por las que las demandas se declaren no admisibles, no es preciso que sean motivadas;Las sentencias, así como las resoluciones por las que las demandas se declaren no admisibles, no es necesario motivarlas;Las resoluciones, por las que las demandas se declaren admisibles, no es necesario motivarlas;1;La respuesta correcta es la a, ya que el Artículo 45.1 del Convenio establece que tanto las sentencias como las resoluciones de admisibilidad o inadmisibilidad deben ser motivadas. Las opciones b, c y d son incorrectas porque sugieren que el Tribunal Europeo de Derechos Humanos puede omitir la fundamentación en ciertos tipos de resoluciones.
4;Conocimientos Generales;Carta Social Europea revisada;¿Ante quién serán depositados los instrumentos de ratificación, aceptación o aprobación?;Ante el Secretario General del Consejo de Europa;Ante el Presidente del Parlamento Europeo;Ante el Presidente de la Comisión;Ante el Tribunal de Justicia de la Unión Europea;1;La respuesta correcta es la a, debido a que la Carta Social Europea revisada designa al Secretario General del Consejo de Europa como el depositario de los instrumentos de ratificación. Las opciones b, c y d son incorrectas al mencionar instituciones de la Unión Europea que no tienen esta competencia dentro del marco del Consejo de Europa.
5;Conocimientos Generales;Pacto Internacional Derechos Económicos, Sociales y Culturales;Condiciones de trabajo equitativas y satisfactorias. Señale la opción INCORRECTA.;Igual oportunidad de ser promovidos;La seguridad y la higiene en el trabajo;La percepción de ingresos extraordinarios en función de su dedicación y rendimiento profesional;La remuneración de los días festivos;3;La respuesta correcta es la c, ya que la percepción de 'ingresos extraordinarios' no figura como uno de los derechos mínimos garantizados en el Artículo 7 del Pacto Internacional de Derechos Económicos, Sociales y Culturales. Por el contrario, las opciones a, b y d se descartan por ser proposiciones correctas que el Pacto sí reconoce: promoción por capacidad, seguridad laboral y remuneración de festivos.
6;Conocimientos Generales;Pacto Internacional Derechos Civiles y Políticos;Señale la opción CORRECTA.;Todo Estado debe declarar que reconoce la competencia del Comité;El Comité establecerá su reglamento, decisiones por mayoría de tres quintos;El Comité podrá transmitir al Consejo Económico y Social los comentarios generales;Las disposiciones del Pacto aplicables a Estados federales, con limitaciones establecidas;3;"La respuesta correcta es la c, pues el Artículo 40.4 del Pacto faculta al Comité de Derechos Humanos para transmitir comentarios generales al Consejo Económico y Social. La opción a es incorrecta por dar carácter obligatorio a una declaración facultativa; la b es falsa sobre el régimen de mayorías; y la d es incorrecta sobre la aplicación en Estados federales."
7;Conocimientos Generales;Consejo de Derechos Humanos ONU;Señale la opción INCORRECTA.;Es el principal órgano intergubernamental de la ONU responsable de derechos humanos;Los escaños se distribuyen equitativamente entre los cinco grupos regionales;Cuenta con apoyo de la Oficina del Alto Comisionado;Revisa mediante el Examen Anual General;4;La respuesta correcta es la d, dado que la revisión del historial de los Estados se realiza mediante el Examen Periódico Universal y no mediante un 'Examen Anual General'. Las opciones a, b y c son correctas al definirlo como órgano principal, detallar su renovación por tercios y mencionar el apoyo de la ACNUDH.
8;Conocimientos Generales;Convención contra la tortura;Señale la opción INCORRECTA.;Se tomarán medidas para proteger a quien presente queja;Todo Estado velará por que los actos de tortura sean delitos, no aplicable a tentativa;Todo Estado velará por investigación pronta e imparcial;Todo Estado velará por reparación e indemnización;2;"La respuesta correcta es la b, ya que la proposición es incorrecta al afirmar que el precepto no se aplica a la tentativa; el Artículo 4 de la Convención exige que todos los actos de tortura, incluida la tentativa, sean delitos penales. Las opciones a, c y d son correctas según el texto de la Convención sobre protección de testigos, investigación de oficio y reparación a las víctimas."
9;Conocimientos Generales;Protocolo Facultativo Convención contra la tortura;¿A quién informará el Secretario General tras denunciar el Protocolo?;Al Comité contra la Tortura;Al Subcomité para la Prevención;A los demás Estados Parte y a la Convención;A los indicados en a) y c);3;La respuesta correcta es la c, puesto que el Artículo 33 del Protocolo Facultativo establece que el Secretario General informará a los demás Estados Parte y a la Convención tras recibir una denuncia. Aunque las opciones a y b mencionan órganos relevantes, la respuesta oficial designada es la c.
10;Conocimientos Generales;Carta Derechos Fundamentales UE;Edad mínima de admisión al trabajo. Señale la opción CORRECTA.;No inferior a 18 años;No inferior a 16 años;Excepcionalmente inferior a edad de escolaridad obligatoria;No inferior a 17 años;3;La respuesta correcta es la c, ya que la Carta de los Derechos Fundamentales de la UE prevé que la edad mínima de admisión al trabajo pueda ser, excepcionalmente, inferior a la edad de escolaridad obligatoria. Las opciones a, b y d son incorrectas porque la Carta no establece una edad fija de 16, 17 o 18 años como norma general absoluta.
11;Conocimientos Generales;Estatuto de Roma Corte Penal Internacional;¿Cuál NO es una Sección de los órganos de la Corte?;La de Instrucción;La de Apelaciones;La de Primera Instancia;La de Cuestiones Preliminares;1;La respuesta correcta es la a, puesto que la 'Sección de Instrucción' no es uno de los órganos judiciales enumerados en el Estatuto de Roma. Las opciones b, c y d se descartan por ser secciones que sí integran la Corte: Apelaciones, Primera Instancia y Cuestiones Preliminares.
12;Conocimientos Generales;LO Cooperación Corte Penal Internacional;Si España recibiere invitación como amicus curiae, quién consultará con el Ministerio;Fiscal General del Estado;Ministerio de la Presidencia, Justicia y Relaciones con las Cortes;Ministerio Fiscal;Gobierno;2;La respuesta correcta es la b, ya que la Ley Orgánica de Cooperación con la CPI estipula que, ante una invitación para participar como amicus curiae, se consultará con el Ministerio de la Presidencia, Justicia y Relaciones con las Cortes. Las opciones a, c y d son incorrectas al proponer la consulta con el Fiscal General, el Ministerio Fiscal o el Gobierno de forma genérica.
13;Conocimientos Generales;Reglamento Defensor del Pueblo;Consejo Asesor del Mecanismo Nacional de Prevención de Tortura. Opción CORRECTA.;Es un órgano de cooperación técnica y jurídica;Corresponde al Adjunto hacer designación de Vocales;Integrado por Adjuntos como miembros natos, máximo 15 Vocales;Se reunirá al menos una vez al año;1;La respuesta correcta es la a, pues el Consejo Asesor es definido como un órgano de cooperación técnica y jurídica del Mecanismo Nacional de Prevención. Las opciones b, c y d son incorrectas al errar en quién designa a los vocales, el número máximo de estos o la periodicidad mínima de sus reuniones.
14;Conocimientos Generales;LO igualdad efectiva mujeres y hombres;Normas Fuerzas Armadas procurarán igualdad en régimen de...;Personal, destinos, ascensos, permisos y situaciones administrativas;Clases pasivas, ascensos, pabellones, destinos y permisos;Acceso, formación, ascensos, destinos y situaciones administrativas;Selección, formación, destinos, permisos y ascensos;3;La respuesta correcta es la c, ya que la Ley Orgánica 3/2007 señala específicamente el acceso, formación, ascensos, destinos y situaciones administrativas como los ámbitos de efectividad de la igualdad en las FFAA. Las opciones a, b y d se descartan por incluir términos inexactos o no previstos en ese artículo concreto.
15;Conocimientos Generales;LO igualdad efectiva mujeres y hombres;¿En qué ámbitos aplicable en Fuerzas y Cuerpos de Seguridad?;En materia de igualdad;En prevención de violencia de género y violencia sexual;En conciliación vida personal, familiar y profesional;En todos los referidos en opciones anteriores;4;La respuesta correcta es la d, ya que las normas de personal se aplican a las FFCCS en materia de igualdad, prevención de violencia de género y conciliación de la vida personal y profesional. Las opciones a, b y c son correctas de forma individual pero incompletas frente a la opción d que las agrupa.
16;Conocimientos Generales;Ley Prevención Riesgos Laborales;Se entenderá como _____ cualquier característica que influya en generación de riesgos;Riesgo laboral;Condición de trabajo;Riesgo en el trabajo;Proceso potencialmente peligroso;2;La respuesta correcta es la b, puesto que la Ley de Prevención de Riesgos Laborales define como condición de trabajo cualquier característica del mismo con influencia en la generación de riesgos. Las opciones a, c y d no coinciden con la definición técnica exacta del Artículo 4 de dicha ley.
17;Conocimientos Generales;RD prevención riesgos AGE;¿Quién realizará coordinación general de prevención en AGE?;Delegación o Subdelegación del Gobierno;Comité de Seguridad y Salud;Ministerio de Sanidad;Dirección General de la Función Pública;4;La respuesta correcta es la d, debido a que el Real Decreto asigna a la Dirección General de la Función Pública la coordinación general de la prevención y la formación en la AGE. Las opciones a, b y c proponen otros órganos sin esta competencia específica de coordinación administrativa central.
18;Conocimientos Generales;RD prevención riesgos Guardia Civil;Su contenido se inspira en principio relativo a...;Promoción salud e higiene en trabajo;Integración de la prevención;Cooperación entre Administraciones;Promoción de la seguridad;2;La respuesta correcta es la b, ya que el Real Decreto 179/2005 establece que su contenido se inspira en el principio de integración de la prevención. Las opciones a, c y d mencionan objetivos generales pero no el principio rector de integración citado en el objeto del decreto.
19;Conocimientos Generales;Constitución Española;Es un derecho fundamental...;Libertad de cátedra;Propiedad privada y herencia;Protección de la salud;Disfrutar de medio ambiente adecuado;1;La respuesta correcta es la a, puesto que la libertad de cátedra (Art. 20) es un derecho fundamental por su ubicación en la Sección 1.ª del Capítulo II del Título I. Las opciones b, c y d corresponden a derechos de la Sección 2.ª o a principios rectores con un nivel de protección inferior.
20;Conocimientos Generales;Constitución Española;¿De cuál NO se podrá recabar tutela mediante Recurso de Amparo?;Fundación para fines de interés general;Producción y creación literaria, artística, científica y técnica;Elegir libremente residencia y circular por territorio nacional;Derecho a la educación;1;La respuesta correcta es la a, debido a que el derecho de fundación (Art. 34) no está incluido en el catálogo de derechos susceptibles de recurso de amparo ante el Tribunal Constitucional. Las opciones b, c y d se descartan porque la creación literaria, la libre circulación y el derecho a la educación sí están protegidos por este recurso.
21;Conocimientos Generales;Constitución Española;Principios rectores política social y económica. Proposición INCORRECTA.;Impulsarán políticas autonomía personal personas con discapacidad;Régimen Seguridad Social, especialmente acceso a sanidad;Protección integral hijos, protección madres;Protección social, económica y jurídica de la familia;2;"La respuesta correcta es la b, ya que es la proposición incorrecta al afirmar que la Seguridad Social garantiza especialmente el 'acceso a la sanidad'; el Artículo 41 se centra en prestaciones ante situaciones de necesidad como el desempleo. Las opciones a, c y d son correctas al citar principios de inclusión de personas con discapacidad y protección de la familia e hijos."
22;Conocimientos Generales;Constitución Española;La institución del Defensor del Pueblo está regulada por...;Real Decreto;Ley Ordinaria;Real Decreto-Ley;Ley Orgánica;4;La respuesta correcta es la d, pues el Artículo 54 de la Constitución establece expresamente que el Defensor del Pueblo se regulará mediante una Ley Orgánica. Las opciones a, b y c sugieren rangos normativos insuficientes para esta institución constitucional.
23;Conocimientos Generales;Constitución Española;¿Cuál es una competencia del Gobierno?;Convocar elecciones;Dirigir Administración Civil y Militar y defensa del Estado;Aprobar presupuestos del Estado;Convocar a referéndum;2;La respuesta correcta es la b, ya que el Artículo 97 de la Constitución atribuye al Gobierno la dirección de la Administración civil y militar y la defensa del Estado. Las opciones a, c y d son incorrectas porque convocar elecciones o referéndum y aprobar presupuestos son competencias de la Corona o las Cortes.
24;Conocimientos Generales;Constitución Española;Responsabilidad criminal miembros Gobierno por traición, planteada por...;Mayoría absoluta miembros del Congreso;Cuarta parte miembros Cortes Generales;Mayoría absoluta miembros del Senado;Cuarta parte miembros del Congreso;4;La respuesta correcta es la d, puesto que la iniciativa para plantear la responsabilidad criminal de miembros del Gobierno por traición requiere de la cuarta parte de los miembros del Congreso. La opción a es incorrecta porque la mayoría absoluta es necesaria para la aprobación, no para la iniciativa, y las opciones b y c mencionan órganos o proporciones erróneas.
25;Conocimientos Generales;LO Defensor del Pueblo;Opción INCORRECTA.;Alto comisionado Cortes Generales para defensa derechos Título I;Se dirigirá a través de Presidentes Congreso y Senado;Elegido para período de cinco años;Podrá ser elegido cualquier español mayor de edad;4;La respuesta correcta es la d, ya que el Artículo 3 de su Ley Orgánica establece que cualquier español mayor de edad en pleno disfrute de sus derechos civiles y políticos puede ser elegido Defensor del Pueblo. Las opciones a, b y c son correctas en sus afirmaciones y, por tanto, incorrectas como respuesta a lo que se pregunta.
26;Conocimientos Generales;LO protección honor, intimidad e imagen;Señale opción INCORRECTA.;Derechos tienen rango de fundamentales;Derechos considerados absolutamente ilimitados;Imperativos interés público pueden autorizar entradas en intimidad;Ley fija cauce legal para defensa;2;"La respuesta correcta es la b, puesto que es la proposición incorrecta; los derechos al honor, intimidad e imagen no son absolutos, sino que están delimitados por las leyes y los usos sociales. Las opciones a, c y d reflejan correctamente el rango fundamental de estos derechos y los cauces para su defensa o limitación legítima."
27;Conocimientos Generales;Tratado Unión Europea;¿Conforme a qué principio Unión y Estados se respetarán mutuamente?;Reciprocidad;Subsidiariedad;Atribución;Cooperación leal;4;La respuesta correcta es la d, debido a que el Artículo 4.3 del TUE define la cooperación leal como el principio de respeto y asistencia mutua en el cumplimiento de los Tratados. Las opciones a, b y c son principios que rigen otros aspectos competenciales pero no definen la asistencia mutua.
28;Conocimientos Generales;Tratado Unión Europea;Principios delimitación y ejercicio competencias UE. Opción CORRECTA.;Ejercicio competencias se rige por principio de atribución;Instituciones aplicarán principio de subsidiariedad;En virtud de atribución, contenido no excederá de lo necesario;En virtud de subsidiariedad, Unión actúa dentro de límites;2;"La respuesta correcta es la b, ya que el Tratado de la Unión Europea especifica que las instituciones aplicarán el principio de subsidiariedad conforme al protocolo homónimo. La opción a es incompleta; la c define la proporcionalidad erróneamente como atribución; y la d confunde subsidiariedad con atribución."
29;Conocimientos Generales;Tratado Funcionamiento UE;Cuestión sobre interpretación Tratados ante órgano jurisdiccional...;Podrá someter al Tribunal si lo entiende conveniente;Deberá someter al Tribunal de Estrasburgo si depende del fallo;Podrá pedir al TJUE que se pronuncie si estima necesario;Deberá en todo caso someter al TJUE;3;La respuesta correcta es la c, puesto que el Artículo 267 del TFUE faculta a los órganos jurisdiccionales nacionales para pedir una decisión prejudicial al TJUE si la estiman necesaria para su fallo. Las opciones a, b y d yerran en la denominación del tribunal o en el carácter facultativo u obligatorio de la remoción.
30;Conocimientos Generales;Tratado Funcionamiento UE - Actos jurídicos;Un Reglamento es...;Acto no vinculante, alcance general y directamente aplicable;Acto vinculante, alcance singular y directamente aplicable;Acto no vinculante que establece objetivos;Acto vinculante, obligatorio en todos elementos, alcance general y directamente aplicable;4;La respuesta correcta es la d, ya que el Reglamento se define como un acto obligatorio en todos sus elementos, de alcance general y directamente aplicable. Las opciones a, b y c son incorrectas al proponer que no es vinculante, que tiene alcance singular o que solo establece objetivos.
31;Conocimientos Generales;Instituciones Internacionales - ONU;Señale la opción CORRECTA.;Las Naciones Unidas nacieron el 24 de octubre de 1935;Estados admitidos por decisión del Consejo de Seguridad;Secretario General nombrado por Asamblea por recomendación CS, período renovable de 4 años;Sistema ONU formado por Organización y numerosas organizaciones afiliadas;4;La respuesta correcta es la d, pues el Sistema de las Naciones Unidas engloba a la propia Organización y a sus programas, fondos y agencias especializadas. Las opciones a, b y c contienen errores sobre la fecha de fundación, el proceso de admisión de miembros o la duración del mandato del Secretario General.
32;Conocimientos Generales;Instituciones Internacionales - Consejo de Europa;Señale la opción INCORRECTA.;Comité de Ministros es órgano ejecutivo, integrado por Ministros del Interior o representantes;Todos los Estados miembros han suscrito Convenio Europeo de Derechos Humanos;Principal organización del continente dedicada a defensa de derechos humanos;Secretario General elegido por Asamblea Parlamentaria para mandato de 5 años;1;"La respuesta correcta es la a, ya que es la proposición incorrecta al afirmar que el Comité de Ministros incluye a los Ministros del Interior; en realidad, está compuesto por los Ministros de Asuntos Exteriores. Las opciones b, c y d son afirmaciones correctas sobre el CEDH, la misión de la organización y la elección de su Secretario."
33;Conocimientos Generales;Instituciones Internacionales - Unión Europea;¿Cuál de los siguientes países NO forma parte de la UE?;Lituania;Noruega;Eslovenia;Letonia;2;La respuesta correcta es la b, puesto que Noruega no forma parte de la Unión Europea. Las opciones a, c y d mencionan países que sí son Estados miembros (Lituania, Eslovenia y Letonia).
34;Conocimientos Generales;Instituciones Internacionales - OTAN;¿Cuántos países son miembros de la OTAN?;32;35;30;34;1;La respuesta correcta es la a, debido a que actualmente la OTAN está integrada por 32 países miembros. Las opciones b, c y d proponen cifras que no se corresponden con la realidad actual de la alianza.
35;Conocimientos Generales;Instituciones Internacionales - FAO;Entre órganos rectores está la Conferencia. Este órgano celebra período ordinario de sesiones...;Cada año;Cada tres años;Cada dos años;Cada seis meses;3;La respuesta correcta es la c, ya que la Conferencia de la FAO se reúne en período ordinario de sesiones cada dos años. Las opciones a, b y d proponen periodicidades distintas a la establecida en los textos rectores del organismo.
36;Conocimientos Generales;Código Civil - Alimentos entre parientes;Señale la opción INCORRECTA.;Alimentos: todo indispensable para sustento, habitación, vestido y asistencia médica;Entre alimentos se incluirán gastos embarazo y parto, aun estando cubiertos de otro modo;Alimentos comprenden educación e instrucción del alimentista mientras sea menor de edad;Alimentos comprenden educación aún después minoría edad cuando no haya terminado formación por causa que no le sea imputable;2;"La respuesta correcta es la b, puesto que es la proposición incorrecta; el Código Civil establece que los gastos de embarazo y parto se incluyen en los alimentos solo si no están cubiertos de otro modo. Las opciones a, c y d reflejan correctamente el concepto amplio de alimentos y su extensión educativa."
37;Conocimientos Generales;Código Civil - Guarda y acogimiento menores;Acogimiento familiar. Proposición INCORRECTA.;Acogimiento permanente: al finalizar 2 años de temporal o directamente en casos especiales;Acogimiento familiar: en familia extensa o ajena, pudiendo ser especializado;Acogimiento urgencia, menores de 6 años, duración no superior a seis meses;Acogimiento temporal, carácter transitorio, duración máxima de dos años;4;La respuesta correcta es la d, ya que el acogimiento familiar temporal tiene carácter transitorio y una duración máxima establecida de dos años. Las opciones a, b y c describen correctamente otros tipos de acogimiento pero no son la respuesta correcta en este contexto.
38;Conocimientos Generales;Código Civil - Delación tutela y nombramiento tutor;Autoridad judicial podrá decretar remoción tutela a solicitud persona menor si tiene suficiente madurez. Será tenida en cuenta opinión si fuere mayor de...;Diez años;Once años;Doce años;Nueve años;3;La respuesta correcta es la c, pues el Código Civil obliga a dar audiencia al menor en procesos de remoción de tutela si este fuera mayor de doce años. Las opciones a, b y d proponen umbrales de edad inferiores que no activan la obligatoriedad legal de audiencia.
39;Conocimientos Generales;Código Civil - Mayor edad y emancipación;Menor que hubiere obtenido judicialmente emancipación. Proposición CORRECTA.;Puede gravar o enajenar bienes inmuebles sin consentimiento progenitores;No puede por sólo comparecer en juicio;Puede tomar dinero a préstamo sin consentimiento progenitores;No puede enajenar objetos de valor sin consentimiento progenitores y, a falta de ambos, sin defensor judicial;4;La respuesta correcta es la d, debido a que el menor emancipado judicialmente no puede por sí solo enajenar objetos de extraordinario valor sin el consentimiento de sus progenitores o defensor. Las opciones a, b y c son incorrectas porque la ley le prohíbe realizar tales actos o tomar dinero a préstamo sin dichos apoyos.
40;Conocimientos Generales;LO Código Penal - Infracción penal;Señale la opción INCORRECTA.;Error invencible sobre ilicitud del hecho excluye responsabilidad criminal. Si fuera vencible, se aplicará pena inferior en grado;Error sobre hecho que cualifique infracción o sobre circunstancia agravante, impedirá su apreciación;Error sobre circunstancia atenuante no impedirá su apreciación;Son incorrectas las opciones a) y c);1;La respuesta correcta es la a, ya que el error invencible sobre la ilicitud del hecho excluye la responsabilidad criminal según el Código Penal. Las opciones b, c y d son incorrectas basándose en la plantilla oficial proporcionada.
41;Conocimientos Generales;LO Código Penal - Circunstancias que agravan;¿Cuál NO se considera circunstancia agravante?;Prevalerse del carácter público o privado que tenga el culpable;Ejecutar el hecho con alevosía;Obrar con abuso de confianza;Ser reincidente;2;"La respuesta correcta es la b, puesto que prevalerse del carácter público o privado no es la redacción exacta de la agravante; el Código Penal solo considera agravante prevalerse del carácter público. Las opciones a, c y d son circunstancias agravantes reales: reincidencia, alevosía y abuso de confianza."
42;Conocimientos Generales;LO Código Penal - Personas criminalmente responsables;Los que realizan el hecho por medio de otro del que se sirven como instrumento son...;Cómplices;Autores;Inductores;Cooperadores;2;La respuesta correcta es la b, ya que se considera autores a quienes realizan el hecho por medio de otro del que se sirven como instrumento. Las opciones a, c y d corresponden a cómplices, inductores o cooperadores, que son figuras distintas a la autoría mediata descrita.
43;Conocimientos Generales;LO Código Penal;¿Qué tipo de pena o medida de seguridad es la libertad vigilada?;Medida no privativa de libertad;Pena privativa de derechos;Medida privativa de libertad;Pena privativa de libertad;1;La respuesta correcta es la a, puesto que la libertad vigilada es legalmente una medida no privativa de libertad. Las opciones b, c y d yerran al calificarla como una pena o una medida privativa de libertad.
44;Conocimientos Generales;LO Código Penal;El que solicitare favores de naturaleza sexual, para sí o tercero, en ámbito laboral, continuada o habitual, hostil o humillante será castigado como...;Acoso sexual;Agresión sexual;Acto vejatorio;Abuso sexual;1;La respuesta correcta es la a, debido a que solicitar favores sexuales en el ámbito laboral provocando una situación hostil u humillante constituye el delito de acoso sexual. Las opciones b, c y d se refieren a otras figuras penales que no encajan con la descripción técnica.
45;Conocimientos Generales;Ley Enjuiciamiento Criminal - La denuncia;De las siguientes personas que presenciaron delito contra la vida en que víctima era persona menor. ¿Quiénes están obligados a denunciar?;Los impúberes;Parientes colaterales del delincuente hasta segundo grado inclusive;Quien sea cónyuge del delincuente o persona unida por relación de afectividad;Los descritos en opciones b) y c);4;La respuesta correcta es la d, que engloba a parientes y cónyuges que, al presenciar un delito contra la vida de un menor, están obligados a denunciar según la LECrim. La opción a es incorrecta porque los impúberes están exentos de esta obligación general.
46;Conocimientos Generales;Ley Enjuiciamiento Criminal;Policía Judicial en investigaciones delincuencia organizada. ¿Quién otorga identidad supuesta al agente encubierto y por cuánto tiempo?;Ministerio Presidencia, Justicia y Relaciones con Cortes, 3 meses prorrogables por períodos iguales;Juez de Instrucción, oído Ministerio Fiscal, 6 meses;Ministerio del Interior, 6 meses prorrogables por períodos iguales;Ministerio Fiscal, dando cuenta al Juez, 3 meses prorrogable una única vez;3;La respuesta correcta es la c, ya que el Ministerio del Interior otorga la identidad supuesta al agente encubierto por un plazo de seis meses prorrogables. Las opciones a, b y d yerran en la autoridad competente o en los plazos legales establecidos en la LECrim.
47;Conocimientos Generales;Ley Enjuiciamiento Criminal;Atestados y manifestaciones de funcionarios Policía judicial, se considerarán ______ para efectos legales.;Testimonios;Diligencias policiales;Denuncias;Declaraciones testificales;3;La respuesta correcta es la c, pues la Ley de Enjuiciamiento Criminal otorga a los atestados policiales el valor legal de denuncia. Las opciones a, b y d proponen otros valores como testimonios o diligencias que no corresponden al Artículo 297.
48;Conocimientos Generales;Ley Enjuiciamiento Criminal;Declaración de testigos. Señale opción CORRECTA.;Durante declaración testigo no podrá dictar contestaciones por sí mismo;Podrán consultar algún apunte o memoria con datos difíciles de recordar;Juez dejará al testigo narrar hechos, sólo le interrumpirá para dirigir preguntas oportunas;Testigos declararán de viva voz, permitiéndoles leer declaración o respuestas escritas;2;La respuesta correcta es la b, puesto que los testigos podrán consultar apuntes o memorias que contengan datos difíciles de recordar durante su declaración. Las opciones a, c y d contienen prohibiciones o permisos que no se ajustan a la regulación de la prueba testifical.
49;Conocimientos Generales;LO Procedimiento Habeas Corpus;Según Exposición de Motivos, ¿cuál es objetivo fundamental del constitucionalismo moderno?;Reconocimiento y protección de vida y libertad de ciudadanos;Compromiso de poderes públicos ante ciudadanos;Acceso a autoridad judicial con rapidez, sencillez y carencia formalismos;Establecer remedios eficaces para supuestos de detenciones no justificadas;1;La respuesta correcta es la a, ya que la Exposición de Motivos de la Ley de Habeas Corpus define el reconocimiento y protección de la vida y libertad como el objetivo fundamental del constitucionalismo. Las opciones b, c y d son finalidades o características operativas pero no la raíz última citada.
50;Conocimientos Generales;LO Poder Judicial;Sala de lo Penal Audiencia Nacional conocerá...;De todos procedimientos penales iniciados en extranjero y ejecución sentencias Tribunales extranjeros;De cuestiones de cesión de jurisdicción en materia penal derivadas de cumplimiento de tratados internacionales;En única instancia, de procesos sobre conflictos colectivos cuya resolución haya de surtir efecto en ámbito territorial superior al de Comunidad Autónoma;De recursos apelación contra resoluciones dictadas en primera instancia por Audiencias Provinciales;2;La respuesta correcta es la b, debido a que la Sala de lo Penal de la Audiencia Nacional conoce de las cuestiones de cesión de jurisdicción derivadas de tratados internacionales. Las opciones a, c y d atribuyen a esta sala competencias que no le corresponden según la LOPJ.
51;Conocimientos Generales;LO Poder Judicial;Abogados y Procuradores. Opción INCORRECTA.;En ejercicio de profesión, procuradores podrán ser sustituidos por oficial habilitado;Colegiación siempre obligatoria para actuar ante Juzgados y Tribunales;Abogados deberán guardar secreto, no pudiendo ser obligados a declarar;Abogados y Procuradores sujetos a responsabilidad civil, penal y disciplinaria;2;"La respuesta correcta es la b, puesto que es la proposición incorrecta; la colegiación es obligatoria para abogados y procuradores para actuar ante Juzgados y Tribunales. Las opciones a, c y d son correctas sobre la sustitución de procuradores, el secreto profesional y el régimen de responsabilidad."
52;Conocimientos Generales;RD regulación Policía Judicial;Unidades Orgánicas Policía Judicial corresponderá investigación criminal permanente y especial. Contarán con equipos...;De investigación judicial;De especialización delictual;De investigación superior;De especialistas en investigación judicial;2;La respuesta correcta es la b, ya que el Real Decreto de Policía Judicial prevé el establecimiento de equipos de especialización delictual según el ámbito de actuación. Las opciones a, c y d proponen nombres de equipos que no coinciden con la terminología oficial del reglamento.
53;Conocimientos Generales;Ley Estatuto de la víctima;Derechos de víctima como denunciante. ¿Qué derechos tiene toda víctima al presentar denuncia?;A asistencia lingüística gratuita y traducción escrita de copia de denuncia;A obtener copia de denuncia, debidamente certificada;A asistencia lingüística gratuita y traducción escrita de copia de denuncia, cuando no hable ninguna lengua oficial;A los descritos en opciones anteriores;4;La respuesta correcta es la d, puesto que la víctima tiene derecho a la asistencia lingüística, la traducción de la denuncia y a obtener copia certificada de la misma. Las opciones a, b y c son correctas pero incompletas al omitir el resto de derechos garantizados en ese momento.
54;Conocimientos Generales;Ley Procedimiento Administrativo Común;Registros electrónicos de apoderamientos. Poderes inscritos tendrán validez determinada máxima de _____ a contar desde fecha de inscripción.;Tres años;Un año;Cinco años;Diez años;3;La respuesta correcta es la c, debido a que los poderes inscritos en los registros electrónicos tendrán una validez máxima de cinco años desde la inscripción. Las opciones a, b y d proponen plazos de uno, tres o diez años que son erróneos según la Ley 39/2015.
55;Conocimientos Generales;Ley Procedimiento Administrativo Común;¿En cuál de las siguientes circunstancias recurso extraordinario de revisión se interpondrá dentro del plazo de 4 años siguientes a notificación de resolución impugnada?;Cuando al dictarlos se hubiera incurrido en error de hecho;Cuando aparezcan documentos de valor esencial posteriores;Cuando en resolución hayan influido esencialmente documentos o testimonios declarados falsos;Cuando se dictó como consecuencia de prevaricación, cohecho, violencia, maquinación fraudulenta u otra conducta punible y se haya declarado así;1;La respuesta correcta es la a, ya que el recurso extraordinario de revisión tiene un plazo de cuatro años si se fundamenta en un error de hecho resultante de los documentos del expediente. Las opciones b, c y d tienen plazos distintos de interposición vinculados a la aparición de nuevos documentos o sentencias firmes.
56;Conocimientos Generales;Ley Régimen Jurídico Sector Público;De los órganos administrativos. ¿Cómo podrán dirigir actividades de sus órganos jerárquicamente dependientes?;Mediante recomendaciones;Mediante directrices;Mediante instrucciones y órdenes de servicio;Mediante indicadas en b) y c);3;La respuesta correcta es la c, puesto que los órganos administrativos dirigen a sus dependientes jerárquicos mediante instrucciones y órdenes de servicio. Las opciones a, b y d no son los instrumentos formales definidos en el Artículo 6 de la Ley 40/2015.
57;Conocimientos Generales;Ley Régimen Jurídico Sector Público;Encomienda de gestión. Señale opción INCORRECTA.;Realización de actividades de carácter material o técnico de competencia de órgano encomendante;Será responsable órgano o Entidad encomendante frente a otras Administraciones y terceros, incluidas resoluciones de carácter jurídico;Encomienda podrá incluir ejercicio de potestades que impliquen ejercicio de autoridad, como adopción de resoluciones de carácter jurídico;Entidad u órgano encomendado tendrá condición de encargado del tratamiento de datos de carácter personal;1;"La respuesta correcta es la a, porque es la proposición incorrecta al sugerir que la encomienda puede hacerse a entidades privadas bajo este régimen; se realiza entre órganos o entidades públicas. Las opciones b, c y d son correctas sobre la responsabilidad de los actos, la no cesión de titularidad y la protección de datos."
58;Conocimientos Generales;Ley Régimen Jurídico Sector Público;¿Cuál de las siguientes circunstancias NO es motivo por el que tengan que abstenerse autoridades y personal al servicio de Administraciones de intervenir en procedimiento?;Haber prestado en dos últimos años servicios profesionales de cualquier tipo y en cualquier circunstancia a persona natural o jurídica interesada directamente;Tener enemistad manifiesta con representantes legales que intervengan en procedimiento;Ser administrador de sociedad o entidad interesada, o tener cuestión litigiosa pendiente con algún interesado;Tener parentesco de consanguinidad dentro cuarto grado, o de afinidad dentro segundo grado, con administradores de entidades o sociedades interesadas;4;La respuesta correcta es la d, ya que es la proposición que NO constituye un motivo de abstención general bajo el cuarto grado de parentesco con los administradores de sociedades. Las opciones a, b y c sí son motivos tasados: servicios profesionales recientes, enemistad o ser administrador interesado.
59;Conocimientos Generales;LO protección de datos personales;¿Quién aprobará el Estatuto de la Agencia Española de Protección de Datos?;La propia Agencia;El Gobierno;El Ministro de la Presidencia, Justicia y Relaciones con las Cortes;El Consejo General del Poder Judicial;2;La respuesta correcta es la b, pues el Gobierno es la autoridad encargada de aprobar el Estatuto de la Agencia Española de Protección de Datos. Las opciones a, c y d son incorrectas al proponer que la aprobación sea de la propia Agencia, un ministro o el CGPJ.
60;Conocimientos Generales;LO Protección de Datos;Consejo Consultivo de Agencia Española de Protección de Datos. Señale opción INCORRECTA.;Consejo Consultivo estará compuesto entre otros por representante designado por CGPJ;Condición de experto de miembro del Consejo requerirá acreditar conocimientos genéricos en Derecho y práctica en materia de protección de datos;Presidencia de Agencia estará asesorada por Consejo Consultivo;Consejo Consultivo estará compuesto entre otros por experto propuesto por Conferencia de Rectores de Universidades Españolas;2;"La respuesta correcta es la b, puesto que es la proposición incorrecta; para ser miembro del Consejo Consultivo se requiere acreditar conocimientos especializados, no simplemente 'genéricos'. Las opciones a, c y d reflejan correctamente la composición y función asesora de dicho Consejo."
61;Conocimientos Generales;LO derechos y libertades extranjeros;Infracciones en materia de extranjería. Proposición INCORRECTA.;Omisión en comunicación a autoridades de cambios de nacionalidad, estado civil o domicilio, constituye infracción leve;Salidas territorio por puestos no habilitados, sin exhibir documentación o contraviniendo prohibiciones, constituye infracción grave;Consentir inscripción de extranjero en Padrón Municipal por titular de vivienda cuando no constituya domicilio real, constituye infracción muy grave;Encontrarse trabajando sin haber solicitado autorización para trabajar por cuenta propia, cuando cuente con autorización de residencia temporal, constituye infracción leve;3;"La respuesta correcta es la c, ya que es la proposición incorrecta al calificar como 'muy grave' la inscripción indebida en el padrón; en realidad constituye una infracción grave. Las opciones a, b y d clasifican correctamente otras infracciones como leves o graves según la Ley de Extranjería."
62;Conocimientos Generales;RD entrada y residencia en España ciudadanos UE;Expedición tarjeta de residencia de familiar de ciudadano de la UE. La expedición deberá realizarse en plazo _____ a presentación solicitud.;De los tres meses siguientes;De los veinte días hábiles siguientes;De los seis meses siguientes;De los quince días hábiles siguientes;1;La respuesta correcta es la a, debido a que la expedición de la tarjeta de residencia de familiar de ciudadano de la Unión debe realizarse en los tres meses siguientes a la solicitud. Las opciones b, c y d proponen plazos de días hábiles o seis meses que no corresponden a esta tarjeta específica.
63;Conocimientos Generales;RD Entrada y residencia ciudadanos UE;Salvo motivos imperiosos de seguridad pública, NO podrá adoptarse decisión de expulsión o repatriación respecto a citados ciudadanos...;Si hubieran residido en España durante período ininterrumpido de 5 años;Si fuera menor de edad, salvo si repatriación es conforme al interés superior del menor;Si hubieran residido en España durante 5 años anteriores;Son correctas las opciones a) y b);2;La respuesta correcta es la b, puesto que, salvo seguridad pública imperiosa, no se puede expulsar a ciudadanos de la Unión si son menores de edad, salvo por su interés superior. Las opciones a, c y d son incorrectas al omitir o confundir los supuestos de protección reforzada por residencia o minoría de edad.
64;Conocimientos Generales;LO protección seguridad ciudadana;Constituye uno de los fines de esta Ley, la protección de personas y bienes, con especial atención a...;Autoridades y miembros de Fuerzas y Cuerpos de Seguridad;Menores y personas con discapacidad necesitadas de especial protección;Víctimas del terrorismo;Personas vulnerables por situación social o económica;2;La respuesta correcta es la b, ya que la Ley de Seguridad Ciudadana destaca la protección de menores y personas con discapacidad necesitadas de especial protección como fin prioritario. Las opciones a, c y d mencionan otros colectivos que no figuran con ese énfasis específico en el Artículo 3.
65;Conocimientos Generales;LO protección seguridad ciudadana;Medidas de seguridad extraordinarias. Señale opción INCORRECTA.;Entre ellas se encuentra entrada y registro en domicilios;Podrán adoptarse en determinados casos incluso mediante órdenes verbales;Podrán adoptarse en situaciones de emergencia que las hagan imprescindibles;Podrán adoptarse durante tiempo estrictamente necesario para garantizar seguridad ciudadana;1;"La respuesta correcta es la a, porque es la proposición incorrecta; la entrada y registro en domicilios requiere autorización judicial o flagrante delito, no es una medida extraordinaria general de esta ley. Las opciones b, c y d son correctas al permitir órdenes verbales en emergencias y limitar su duración al tiempo estrictamente necesario."
66;Conocimientos Generales;LO protección seguridad ciudadana;Régimen sancionador. ¿Quién es competente en AGE para sanción de infracciones muy graves en grado máximo?;El Consejo de Ministros;El Ministro del Interior;El Secretario de Estado de Seguridad;Los Delegados de Gobierno en las CCAA;2;La respuesta correcta es la b, pues el Ministro del Interior es el competente en la AGE para sancionar las infracciones muy graves en grado máximo. Las opciones a, c y d atribuyen esta competencia al Consejo de Ministros, al Secretario de Estado o a los Delegados del Gobierno de forma errónea.
67;Conocimientos Generales;Ley Seguridad Privada;¿Para qué casos especifica la ley que se podrá incrementar reglamentariamente la exigencia formativa al personal de seguridad privada?;Para servicios en los que se empleen armas de fuego;Para servicios que se presten en espacios públicos;Para servicios en empresas públicas;Para prestación de servicios en infraestructuras críticas;4;La respuesta correcta es la d, ya que se puede incrementar la exigencia formativa para el personal de seguridad privada que preste servicios en infraestructuras críticas. Las opciones a, b y c no son los supuestos específicos contemplados en la ley para este aumento reglamentario de la formación.
68;Conocimientos Generales;Ley Seguridad Privada;¿Cuál es uno de requisitos generales exigidos para obtención de habilitación profesional?;Tener nacionalidad española;Carecer de antecedentes penales por cualquier delito;No haber sido sancionado en dos o cuatro años anteriores por infracción grave o muy grave en materia de seguridad privada;No haber sido separado del servicio en Fuerzas y Cuerpos de Seguridad en cinco años anteriores;3;La respuesta correcta es la c, puesto que carecer de antecedentes penales por cualquier delito es un requisito general para la habilitación en seguridad privada. Las opciones a, b y d proponen requisitos parciales o plazos de sanción y separación que no definen el requisito general de antecedentes solicitado.
69;Conocimientos Generales;RD estructura orgánica Ministerio del Interior;¿Dentro de estructura de qué órgano está integrada la Secretaría General de Instituciones Penitenciarias?;De la Secretaría de Estado de Seguridad;De la Subsecretaría del Interior;De la Secretaría General Técnica;Del Ministerio del Interior directamente;4;La respuesta correcta es la d, debido a que la Secretaría General de Instituciones Penitenciarias depende directamente del Ministerio del Interior. Las opciones a, b y c la sitúan erróneamente bajo la Secretaría de Estado de Seguridad, la Subsecretaría o la Secretaría General Técnica.
70;Conocimientos Generales;RD estructura orgánica Ministerio Defensa;¿Quién ejercerá sobre Unidad Militar de Emergencias las competencias en supuestos de conducción de operaciones militares?;El Jefe de Estado Mayor de la Defensa;El Secretario de Estado de Defensa;La persona titular del Departamento;El Jefe del Estado Mayor del Ejército de Tierra;1;La respuesta correcta es la a, ya que el Jefe de Estado Mayor de la Defensa ejerce competencias sobre la UME en la conducción de operaciones de seguridad y defensa de España. Las opciones b, c y d atribuyen estas funciones al Secretario de Estado, al titular del departamento o al Jefe del Ejército de Tierra de forma incorrecta.
71;Conocimientos Generales;RD estructura orgánica Ministerio Defensa;¿A qué órgano le corresponde planificación y desarrollo de política industrial de Defensa?;A Dirección General de Estrategia e Innovación de la Industria de Defensa;A Dirección General de Armamento y Material;A Dirección General de Infraestructura;Al Centro de Sistemas y Tecnologías de la Información y las Comunicaciones;1;La respuesta correcta es la a, pues la planificación de la política industrial de Defensa corresponde a la Dirección General de Estrategia e Innovación de la Industria de Defensa. Las opciones b, c y d son incorrectas al mencionar las direcciones de armamento, infraestructura o el centro de tecnologías de información.
72;Conocimientos Generales;LO Fuerzas y Cuerpos de Seguridad;Al objeto de conseguir óptima utilización de medios, ¿quién podrá ordenar que CNP o GC asuma todas o algunas funciones exclusivas asignadas al otro Cuerpo?;El Delegado del Gobierno en la CCAA;El Secretario de Estado de Seguridad;El Ministerio del Interior;El Consejo de Política de Seguridad;3;La respuesta correcta es la c, debido a que el Ministerio del Interior tiene la facultad de ordenar que un cuerpo asuma funciones exclusivas de otro en determinadas zonas. Las opciones a, b y d proponen al Delegado del Gobierno, al Secretario de Estado o al Consejo de Política de Seguridad sin tener esta potestad.
73;Conocimientos Generales;LO Fuerzas y Cuerpos de Seguridad - Guardia Civil;¿A quién corresponde disponer todo lo referente a selección, formación y perfeccionamiento?;Al Ministro del Interior;Al Ministro de Defensa;Conjuntamente a Ministros de Defensa e Interior;Al Consejo de Ministros;3;La respuesta correcta es la c, puesto que la selección, formación y perfeccionamiento en la Guardia Civil corresponde conjuntamente a los Ministros de Defensa e Interior. Las opciones a, b y d omiten la competencia compartida necesaria por la naturaleza del Cuerpo.
74;Conocimientos Generales;Ley Régimen Personal Guardia Civil;De las funciones profesionales de los guardias civiles. Mediante _____ se aplican medios para alcanzar objetivos de forma más eficiente.;La acción directiva;Acciones de gestión;Acciones ejecutivas;La acción de mando;2;La respuesta correcta es la b, ya que la definición técnica de aplicar los medios para alcanzar objetivos eficientemente corresponde a las acciones de gestión. Las opciones a, c y d proponen la acción directiva, ejecutiva o de mando, que no encajan con la definición literal del enunciado.
75;Conocimientos Generales;Estructura orgánica Servicios Centrales DGGC;De la persona titular de la Dirección General dependen directamente los siguientes órganos:;Mando de Operaciones, Mando de Personal y Mando de Apoyo;Mando de Operaciones, Mando de Fronteras y Policía Marítima, Mando de Personal y Mando de Apoyo;Dirección Adjunta Operativa, Mando de Fronteras y Policía Marítima, Mando de Personal y Mando de Apoyo;Dirección Adjunta Operativa, Mando de Personal y Mando de Apoyo;4;La respuesta correcta es la d, pues de la Dirección General dependen directamente la DAO, el Mando de Personal y el Mando de Apoyo. Las opciones a, b y c incluyen mandos de operaciones o fronteras que tienen dependencias orgánicas distintas en el escalafón central.
76;Conocimientos Generales;Estructura orgánica Servicios Centrales DGGC;¿A qué órgano le corresponde coordinar estrategia de ciberseguridad y de Seguridad de información del Cuerpo?;A Jefatura de Transformación Digital y Ciberseguridad;A Jefatura de Información;A Jefatura de Policía Judicial;A Jefatura de Servicios Técnicos y de Ciberseguridad;1;La respuesta correcta es la a, puesto que coordinar la estrategia de ciberseguridad es función de la Jefatura de Transformación Digital y Ciberseguridad. Las opciones b, c y d se refieren a las jefaturas de Información, Policía Judicial o a una denominación técnica inexistente.
77;Conocimientos Generales;Historia de la Guardia Civil;Rescate durante tormenta en barranco de Bellver (Castellón), intervinieron guardias civiles Pedro Ortega y Antonio Gimeno. ¿Cuál afirmación es cierta?;Víctimas viajaban en carruaje y fallecieron los dos guardias civiles citados;No hubo víctimas mortales;Se produjo en 1950 y falleció uno de los guardias civiles citados;Los guardias rescataron a campesinos que trabajaban en el campo;1;La respuesta correcta es la a, debido a que en el servicio del barranco de Bellver fallecieron los guardias Pedro Ortega y Antonio Gimeno mientras rescataban a ocupantes de un carruaje. Las opciones b, c y d son falsas al negar las muertes, errar en la fecha o confundir a los rescatados con campesinos.
78;Conocimientos Generales;LO derechos y deberes miembros Guardia Civil;Presentación de Quejas. ¿En cuál de siguientes casos NO podrá presentar queja un guardia civil?;Cuando hubiese presentado recurso sobre mismo asunto;Cuando se refiera a su mando inmediato superior;Cuando sean relativas al régimen del personal;Cuando sean relativas a calidad de vida en las unidades;1;La respuesta correcta es la a, ya que un guardia civil no podrá presentar una queja si hubiese presentado recurso sobre el mismo asunto. Las opciones b, c y d son casos donde sí es legítimo presentar quejas sobre mandos, personal o calidad de vida.
79;Conocimientos Generales;Ley Sistema Nacional de Protección Civil;Definiciones. A los efectos de esta ley se entenderá por Vulnerabilidad...;Posibilidad de que amenaza llegue a afectar a colectivos de personas o a bienes;Potencial de ocasionar daño en determinadas situaciones a colectivos de personas o bienes;Característica de colectividad de personas o bienes que los hacen susceptibles de ser afectados;Situación en que personas y bienes están expuestos a peligro inminente o latente;3;La respuesta correcta es la c, pues la vulnerabilidad se define como la característica de personas o bienes que los hace susceptibles de ser afectados por un peligro. Las opciones a, b y d definen riesgo, amenaza o exposición en el marco de la Protección Civil.
80;Conocimientos Generales;Ley Sistema Nacional de Protección Civil;¿A propuesta de quién será aprobada la Estrategia Nacional de Protección Civil?;Del Consejo de Seguridad Nacional;Del Director General de Protección Civil y Emergencias;Del Ministro del Interior;Del Consejo Nacional de Protección Civil;3;La respuesta correcta es la c, puesto que la Estrategia Nacional de Protección Civil se aprueba a propuesta del Ministro del Interior. Las opciones a, b y d atribuyen la propuesta al Consejo de Seguridad Nacional, al Director General o al Consejo Nacional de Protección Civil.
81;Conocimientos Generales;Ley Patrimonio Natural y Biodiversidad;Definiciones. Territorios delimitados con formas geológicas únicas, de especial importancia científica, singularidad o belleza, representativos de historia evolutiva geológica...;Las reservas geológicas;Los paisajes geológicos;Las áreas geológicas protegidas;Los geoparques o parques geológicos;4;La respuesta correcta es la d, ya que los territorios con formas geológicas únicas representativas de la historia evolutiva se denominan geoparques. Las opciones a, b y c utilizan nombres que no son categorías oficiales según la Ley del Patrimonio Natural.
82;Conocimientos Generales;Ley Patrimonio Natural y Biodiversidad;¿Cuál es una de las categorías en que se clasifican los espacios naturales protegidos?;Áreas Marinas Ecológicas;Paisajes Naturales;Monumentos Naturales;Reservas Geológicas;3;La respuesta correcta es la c, debido a que los Monumentos Naturales son una de las categorías legales de clasificación de espacios protegidos. Las opciones a, b y d proponen nombres de áreas marinas o reservas que no figuran en la clasificación oficial.
83;Conocimientos Generales;Ley servicios electrónicos de confianza;Obligaciones y responsabilidad de prestadores. Señale opción INCORRECTA.;Prestadores de servicios de confianza no cualificados necesitarán verificación administrativa previa;Deberán comunicar su actividad al Ministerio para Transformación Digital en plazo de 3 meses;En mismo plazo, deberán comunicar modificación de datos y cese de actividad;Prestadores tienen obligación de tomar medidas para resolver incidentes de seguridad;1;"La respuesta correcta es la a, porque es la proposición incorrecta; los prestadores no cualificados no requieren verificación administrativa previa para su actividad. Las opciones b, c y d son correctas sobre plazos de comunicación ministerial y resolución de incidentes de seguridad."
84;Conocimientos Generales;Principios ciberseguridad CCN-CERT;Con respecto a los Bitcoins, señale opción CORRECTA.;Utilizan cadena de caracteres criptográficos que se intercambian a través de billeteras digitales (intercambios P2P);Cada transacción se registra en gran base de datos llamada 'BlackChain';Transacciones con bitcoins son seguras y no presentan riesgos de blanqueo o evasión;Bitcoin es moneda cifrada, centralizada, peer-to-peer donde control se realiza por usuarios;1;"La respuesta correcta es la a, ya que los bitcoins utilizan cadenas criptográficas intercambiadas mediante carteras digitales (wallets) entre usuarios. La opción b es falsa por el nombre de la base de datos; la c por los riesgos fiscales; y la d por afirmar que es una moneda centralizada."
85;Conocimientos Generales;RD Esquema Nacional de Interoperabilidad;Para garantizar interoperabilidad en materia de ciberseguridad y criptografía, el órgano competente será el Centro Criptológico Nacional adscrito a...;Centro Nacional de Inteligencia;Centro de Transferencia de Tecnología;Centro de interoperabilidad semántica de la Administración;Comité Sectorial de Administración Electrónica;1;La respuesta correcta es la a, puesto que el Centro Criptológico Nacional está adscrito al Centro Nacional de Inteligencia. Las opciones b, c y d yerran al situarlo bajo centros tecnológicos, de interoperabilidad o comités electrónicos.
86;Conocimientos Generales;Topografía;¿Cuál es la unidad de medida lineal definida como longitud recorrida en vacío por rayo de luz en 1/299792458 segundos?;El centímetro;El kilómetro;El metro;El hectómetro;3;La respuesta correcta es la c, pues el metro se define como la longitud recorrida en el vacío por un rayo de luz en el tiempo especificado. Las opciones a, b y d proponen otras unidades de medida que no definen el estándar lineal internacional.
87;Conocimientos Generales;Topografía;Con respecto a elementos geográficos, señale opción INCORRECTA.;Recibe nombre de plano meridiano, todo plano que contiene al eje terrestre;Se denominan paralelos a líneas de intersección con superficie terrestre de todo plano perpendicular al eje terrestre;Las longitudes se miden de 0° a 90° a uno y otro lado del meridiano de origen;Las coordenadas geográficas de un punto son la latitud y la longitud;3;"La respuesta correcta es la c, ya que es la proposición incorrecta; las longitudes se miden de 0 a 180 a ambos lados, no a 90. Las opciones a, b y d definen correctamente el plano meridiano, los paralelos y la latitud/longitud."
88;Conocimientos Generales;RD Código de Conducta personal Guardia Civil;De las siguientes opciones, ¿cuál NO se corresponde con lo dispuesto en Decálogo?;"El honor ha de ser mi principal divisa; debo conservarlo sin mancha. Una vez perdido, no se recobra jamás";Me comportaré siempre con mayor dignidad, como exigen Cuerpo y uniforme que visto;Actuar siempre con integridad y rectitud, será mi mayor recompensa;Fiel a mi deber, con actitud serena en peligro, seré prudente sin debilidad y firme sin violencia;3;La respuesta correcta es la c, debido a que la frase sobre 'integridad y rectitud' no forma parte del texto oficial del Decálogo de la Guardia Civil. Las opciones a, b y d son fragmentos literales del decálogo sobre honor, dignidad y firmeza.
89;Conocimientos Generales;Principios básicos empleo fuerza y armas;Señale la opción INCORRECTA.;Cuando empleo de armas sea inevitable, funcionarios notificarán lo sucedido en plazo máximo de 24 horas a parientes o amigos de personas heridas;En cualquier caso, sólo se podrá hacer uso intencional de armas letales cuando sea estrictamente inevitable para proteger una vida;Se hará cuidadosa evaluación de fabricación y distribución de armas no letales incapacitantes para reducir riesgo y se controlará cuidadosamente su uso;Los gobiernos adoptarán medidas necesarias para que en legislación se castigue como delito el empleo arbitrario o abusivo de fuerza o armas;1;"La respuesta correcta es la a, porque es la proposición incorrecta; las normas internacionales no fijan un plazo de 24 horas para notificar a parientes de heridos. Las opciones b, c y d reflejan correctamente los principios sobre uso de armas letales, no letales y castigo del uso abusivo."
90;Conocimientos Generales;LO responsabilidad penal menores;Tiempo máximo de medida cautelar de internamiento será de _____, y podrá prorrogarse a instancia de Ministerio Fiscal, previa audiencia del letrado, por otros _____ como máximo.;Tres meses / tres meses;Seis meses / tres meses;Tres meses / dos meses;Seis meses / seis meses;2;La respuesta correcta es la b, puesto que el tiempo máximo de internamiento cautelar para menores es de seis meses, prorrogable por otros tres meses. Las opciones a, c y d proponen plazos de tres o seis meses de prórroga que no coinciden con la ley.
91;Conocimientos Generales;LO Medidas Protección Integral Violencia de Género;¿Con qué periodicidad el Observatorio Estatal de Violencia sobre la Mujer remitirá al Gobierno y a las CCAA un informe?;Mensual;Trimestral;Anual;Bienal;3;La respuesta correcta es la c, ya que el Observatorio Estatal de Violencia sobre la Mujer remite su informe de evolución con periodicidad anual. Las opciones a, b y d proponen plazos mensuales, trimestrales o bienales que no se ajustan a la norma.
92;Conocimientos Generales;LO Medidas Protección Integral Violencia de Género;En composición del Observatorio Estatal de Violencia sobre Mujer se garantizará participación de...;Cualquiera de las organizaciones empresariales y sindicales;Las organizaciones de mujeres con implantación en todo territorio de una CCAA;Las asociaciones de consumidores y usuarios;Son correctas las opciones a) y c);3;La respuesta correcta es la c, debido a que se garantiza la participación de asociaciones de consumidores y usuarios en el Observatorio Estatal. Las opciones a y b mencionan organizaciones empresariales o de mujeres con requisitos territoriales que no son los únicos garantizados.
93;Conocimientos Generales;Reglamento de Armas - Definiciones;¿A qué arma de fuego nos referimos si en su ornamentación presenta peculiaridad distinta por materiales nobles empleados o diseño, que le confiere especial valor?;Arma artística;Arma antigua;Arma Flobert;Arma histórica;1;La respuesta correcta es la a, puesto que el arma artística se define por la peculiaridad de su ornamentación y el uso de materiales nobles. Las opciones b, c y d corresponden a armas antiguas, históricas o Flobert, definidas por cronología o sistema de tiro.
94;Conocimientos Generales;Reglamento de Armas - Envases y precintos;Los envases para comercio interior de armas de fuego...;Pueden contener cualquier número de armas, cuando ofrezcan suficientes garantías de seguridad;No pueden llevar armas cortas o largas de cañón estriado junto con escopetas de caza y asimiladas;Podrán contener 50 armas largas;No deben contener más de 20 armas cortas;2;La respuesta correcta es la b, ya que los envases de comercio no pueden contener armas cortas o estriadas junto con escopetas de caza. Las opciones a, c y d yerran al permitir cualquier número de armas o dar cifras de 50 o 20 que incumplen el reglamento.
95;Conocimientos Generales;Reglamento de Explosivos;La alambrada de espino de parte superior del cerramiento de fábrica de explosivos estará inclinada hacia exterior...;30° respecto a la vertical;60° respecto a la vertical;25° respecto a la vertical;45° respecto a la vertical;4;La respuesta correcta es la d, pues la alambrada superior del cerramiento de fábricas de explosivos debe estar inclinada 45 respecto a la vertical. Las opciones a, b y c proponen inclinaciones de 30, 60 o 25 que no cumplen el estándar de seguridad.
96;Conocimientos Generales;Reglamento de Explosivos - Transporte por carretera;En relación con paradas de transporte de explosivos por carretera, señale opción INCORRECTA.;Paradas por necesidades del servicio no se efectuarán en proximidad de lugares habitados;Se evitará atravesar poblaciones y pasar por zonas de gran densidad, debiendo cumplir normas e itinerarios de mercancías peligrosas;Lugares de parada se escogerán en áreas situadas a 1.000 metros, como mínimo, de núcleos de población;Antes de abandonar cabina, tripulación se asegurará de que motor esté parado, cambio en posición segura y frenos accionados;3;"La respuesta correcta es la c, porque es la proposición incorrecta; los lugares de parada de explosivos deben estar a 500 metros de núcleos poblacionales, no a 1.000. Las opciones a, b y d reflejan correctamente las medidas de seguridad sobre paradas y abandono de cabina."
97;Conocimientos Generales;LO represión del contrabando;¿Cuál de las siguientes opciones NO es una de las circunstancias que se considerará principalmente un medio fraudulento en comisión de infracción de contrabando?;El empleo de justificantes falseados;La utilización de medios, modos o formas que indiquen una planificación del contrabando;La existencia de cualquier anomalía en la contabilidad;El empleo de facturas falsas;3;La respuesta correcta es la c, ya que cualquier anomalía en la contabilidad no se lista como una de las circunstancias principales de medio fraudulento. Las opciones a, b y d sí son medios fraudulentos: justificantes falseados, planificación del contrabando o facturas falsas.
98;Conocimientos Generales;RD infracciones administrativas de contrabando;¿Quién es competente para acordar cierre de establecimientos por infracciones administrativas de contrabando relacionadas con labores del tabaco?;El Administrador de Aduanas e Impuestos Especiales;El Jefe de Dependencia de Aduanas e Impuestos Especiales;El Interventor de Territorio Franco;El Director del Departamento de Aduanas e Impuestos Especiales de la AEAT;4;La respuesta correcta es la d, puesto que el Director del Departamento de Aduanas es el competente para cerrar establecimientos por contrabando de tabaco. Las opciones a, b y c atribuyen esta competencia a administradores o jefes de dependencia sin potestad legal para ello.
99;Conocimientos Generales;Reglamento Código Aduanero de la Unión;Se entenderá por _____ el acto por el que una persona informa a autoridades aduaneras, en forma y modo establecidos y dentro de plazo concreto, de que determinadas mercancías van a entrar en territorio aduanero de la Unión.;Declaración sumaria de entrada;Declaración de entrada en aduana;Declaración de entrada en régimen aduanero;Declaración en aduana;1;La respuesta correcta es la a, debido a que la declaración sumaria de entrada es el acto de informar a las autoridades de la entrada de mercancías en territorio aduanero. Las opciones b, c y d utilizan términos aduaneros de entrada que no corresponden a la definición de 'sumaria'.
100;Conocimientos Generales;Reglamento Código Aduanero de la Unión;¿Cuál de los siguientes NO es un régimen especial?;El depósito aduanero;El tránsito interno;El perfeccionamiento pasivo;La exportación;4;La respuesta correcta es la d, ya que la exportación no se clasifica como un régimen especial en el Código Aduanero de la Unión. Las opciones a, b y c son regímenes especiales definidos legalmente como el depósito aduanero, tránsito interno o perfeccionamiento pasivo.
101;Conocimientos Generales;Constitución Española - Estado de Excepción;¿Cuál de los siguientes derechos NO puede ser suspendido durante el estado de excepción según el Artículo 55.1 de la Constitución?;El derecho a sindicarse libremente;La inviolabilidad del domicilio;El derecho a la huelga y adopción de medidas de conflicto colectivo;La libertad de expresión;1;La respuesta correcta es la a, ya que el derecho a sindicarse libremente no se encuentra entre los derechos cuya suspensión está permitida durante el estado de excepción según el Artículo 55.1 de la Constitución. Las opciones b, c y d son incorrectas porque la inviolabilidad del domicilio, el derecho a la huelga/conflicto colectivo y la libertad de expresión sí pueden ser suspendidos bajo este régimen excepcional.
102;Conocimientos Generales;Tratado Unión Europea;En relación con la participación democrática en la UE, señale la proposición INCORRECTA.;Los ciudadanos están directamente representados en el Parlamento Europeo;Los Estados miembros están representados en el Consejo por su Jefe de Estado o de Gobierno;Los ciudadanos tienen derecho a participar en la vida democrática de la Unión;La Comisión mantendrá consultas amplias con las partes interesadas;2;"La respuesta correcta es la b, pues es la proposición incorrecta al afirmar que los Estados miembros están representados en el Consejo por su Jefe de Estado o de Gobierno; en dicha institución, la representación es a nivel ministerial. Las opciones a, c y d son afirmaciones correctas sobre la representación directa en el Parlamento Europeo, el derecho de participación ciudadana y el deber de consulta de la Comisión."
103;Conocimientos Generales;LO Defensor del Pueblo;El Defensor del Pueblo será elegido por las Cortes Generales para un período de...;Tres años;Cuatro años;Cinco años;Seis años;3;La respuesta correcta es la c, debido a que la Ley Orgánica 3/1981 establece que el Defensor del Pueblo será elegido por las Cortes Generales para un periodo de cinco años. Las opciones a, b y d proponen duraciones de tres o cuatro años que no coinciden con el mandato legal establecido para este alto comisionado.
104;Conocimientos Generales;Ley Régimen Jurídico Sector Público;Si el acto administrativo fuera expreso, el plazo para interponer el recurso potestativo de reposición será de...;Diez días;Un mes;Dos meses;Tres meses;2;La respuesta correcta es la b, ya que, si el acto administrativo fuera expreso, el plazo para interponer el recurso potestativo de reposición es de un mes. Las opciones a, c y d son incorrectas porque los plazos de diez días, dos meses o tres meses corresponden a otros trámites procesales o supuestos de silencio administrativo.
105;Conocimientos Generales;Ley Enjuiciamiento Criminal;En relación con el auto de entrada y registro en lugar cerrado, señale la proposición INCORRECTA.;Expresará el lugar o lugares que hayan de ser registrados;Determinará la autoridad que haya de practicar la diligencia;En casos de urgencia, el auto podrá carecer de fundamentación;Se ejecutará durante las horas del día, salvo casos excepcionales;3;"La respuesta correcta es la c, puesto que es la proposición incorrecta; la Ley de Enjuiciamiento Criminal exige que el auto de entrada y registro sea siempre fundado, sin excepción para casos de urgencia. Las opciones a, b y d reflejan correctamente los requisitos formales del auto: determinación del lugar, autoridad encargada y limitación horaria."